{ "compressionlevel":0,
 "height":13,
 "infinite":false,
 "layers":[
        {
         "data":[0, 0, 0, 0, 0, 0, 0, 0, 0, 166, 166, 0, 0, 0, 0, 0, 0, 0, 166, 166, 0, 180, 180, 180, 181, 181, 181, 180, 180, 165, 165, 180, 180, 181, 181, 180, 180, 181, 181, 166, 0, 165, 165, 165, 165, 165, 165, 165, 165, 166, 166, 165, 165, 165, 165, 165, 165, 165, 165, 166, 0, 165, 165, 165, 166, 165, 166, 166, 166, 166, 167, 166, 166, 166, 166, 166, 166, 165, 165, 166, 0, 165, 165, 165, 165, 166, 166, 166, 166, 167, 166, 166, 166, 166, 166, 166, 166, 166, 165, 166, 3, 165, 165, 166, 166, 165, 166, 166, 166, 166, 167, 167, 166, 166, 166, 166, 165, 166, 165, 166, 166, 165, 166, 165, 181, 165, 166, 166, 166, 167, 166, 167, 167, 166, 165, 181, 165, 166, 165, 166, 166, 165, 165, 165, 165, 166, 166, 167, 166, 166, 166, 166, 166, 166, 166, 165, 166, 166, 165, 166, 0, 165, 166, 166, 166, 166, 166, 166, 166, 167, 166, 167, 166, 166, 166, 166, 166, 166, 165, 166, 0, 165, 165, 166, 166, 166, 166, 166, 166, 165, 165, 166, 166, 166, 166, 166, 166, 165, 165, 166, 0, 6, 165, 165, 165, 165, 165, 165, 165, 165, 165, 165, 165, 165, 165, 165, 165, 165, 166, 166, 0, 6, 166, 166, 166, 166, 166, 166, 166, 166, 166, 166, 166, 166, 166, 166, 166, 166, 166, 166, 0, 0, 0, 0, 0, 0, 0, 0, 0, 166, 166, 0, 0, 0, 0, 0, 0, 0, 166, 166],
         "height":13,
         "id":1,
         "name":"background",
         "opacity":1,
         "type":"tilelayer",
         "visible":true,
         "width":20,
         "x":0,
         "y":0
        }, 
        {
         "data":[0, 0, 0, 0, 0, 0, 0, 0, 0, 0, 0, 0, 0, 0, 0, 0, 0, 0, 0, 0, 0, 0, 0, 0, 0, 0, 0, 0, 0, 0, 0, 0, 0, 0, 0, 0, 0, 0, 0, 0, 0, 0, 0, 0, 0, 0, 0, 0, 0, 0, 0, 0, 0, 0, 0, 0, 0, 0, 0, 0, 0, 0, 0, 0, 0, 0, 0, 0, 0, 0, 0, 0, 0, 0, 0, 0, 0, 0, 0, 0, 0, 0, 0, 0, 0, 0, 0, 0, 0, 0, 0, 0, 0, 0, 0, 0, 0, 0, 0, 0, 0, 0, 0, 0, 0, 0, 0, 0, 0, 0, 0, 0, 0, 0, 0, 0, 0, 0, 0, 0, 0, 0, 0, 0, 0, 0, 0, 0, 0, 0, 0, 0, 0, 0, 0, 0, 0, 0, 0, 0, 0, 0, 0, 0, 0, 0, 0, 0, 0, 0, 0, 0, 0, 0, 0, 0, 0, 0, 0, 0, 0, 0, 0, 0, 0, 0, 0, 0, 0, 0, 0, 0, 0, 0, 0, 0, 0, 0, 0, 0, 0, 0, 0, 0, 0, 0, 0, 0, 0, 0, 0, 0, 0, 0, 0, 0, 0, 0, 0, 0, 0, 0, 0, 0, 0, 0, 0, 0, 0, 0, 0, 0, 0, 0, 0, 0, 0, 0, 0, 0, 0, 0, 0, 0, 0, 0, 0, 0, 0, 0, 0, 0, 0, 0, 0, 0, 0, 0, 0, 0, 0, 0, 0, 0, 0, 0, 0, 0, 0, 0, 0, 0, 0, 0, 0, 0, 0, 0, 0, 0],
         "height":13,
         "id":6,
         "name":"hazard",
         "opacity":1,
         "type":"tilelayer",
         "visible":true,
         "width":20,
         "x":0,
         "y":0
        }, 
        {
         "data":[16, 16, 16, 16, 16, 16, 16, 16, 16, 0, 0, 16, 16, 16, 16, 16, 16, 16, 16, 16, 16, 16, 16, 16, 16, 16, 16, 16, 16, 0, 0, 16, 16, 16, 16, 16, 16, 16, 16, 16, 16, 0, 0, 0, 0, 0, 0, 0, 0, 0, 0, 0, 0, 0, 0, 0, 0, 0, 0, 16, 16, 0, 0, 0, 0, 0, 0, 0, 0, 0, 0, 0, 0, 0, 0, 0, 0, 0, 0, 16, 16, 0, 0, 0, 0, 0, 0, 0, 0, 0, 0, 0, 0, 0, 0, 0, 0, 0, 0, 16, 16, 0, 0, 0, 0, 0, 0, 0, 0, 0, 0, 0, 0, 0, 0, 0, 0, 0, 0, 16, 16, 0, 0, 0, 16, 0, 0, 0, 0, 0, 0, 0, 0, 0, 0, 16, 0, 0, 0, 16, 16, 0, 0, 0, 0, 0, 0, 0, 0, 0, 0, 0, 0, 0, 0, 0, 0, 0, 0, 16, 16, 0, 0, 0, 0, 0, 0, 0, 0, 0, 0, 0, 0, 0, 0, 0, 0, 0, 0, 16, 16, 0, 0, 0, 0, 0, 0, 0, 0, 0, 0, 0, 0, 0, 0, 0, 0, 0, 0, 16, 16, 16, 0, 0, 0, 0, 0, 0, 0, 0, 0, 0, 0, 0, 0, 0, 0, 0, 16, 16, 16, 16, 16, 16, 16, 16, 16, 16, 16, 16, 16, 16, 16, 16, 16, 16, 16, 16, 16, 16, 16, 16, 16, 16, 16, 16, 16, 16, 16, 16, 16, 16, 16, 16, 16, 16, 16, 16, 16, 16],
         "height":13,
         "id":3,
         "name":"collision",
         "opacity":1,
         "type":"tilelayer",
         "visible":true,
         "width":20,
         "x":0,
         "y":0
        }, 
        {
         "draworder":"topdown",
         "id":4,
         "name":"characters",
         "objects":[],
         "opacity":1,
         "type":"objectgroup",
         "visible":true,
         "x":0,
         "y":0
        }, 
        {
         "draworder":"topdown",
         "id":5,
         "name":"portals",
         "objects":[
                {
                 "gid":12,
                 "height":16,
                 "id":3,
                 "name":"",
                 "properties":[
                        {
                         "name":"toMapKey",
                         "type":"string",
                         "value":"map-dungeon-ante-chamber-01"
                        }, 
                        {
                         "name":"toX",
                         "type":"int",
                         "value":9
                        }, 
                        {
                         "name":"toY",
                         "type":"int",
                         "value":12
                        }],
                 "rotation":0,
                 "type":"",
                 "visible":true,
                 "width":16,
                 "x":144,
                 "y":16
                }, 
                {
                 "gid":12,
                 "height":16,
                 "id":8,
                 "name":"",
                 "properties":[
                        {
                         "name":"toMapKey",
                         "type":"string",
                         "value":"map-dungeon-ante-chamber-01"
                        }, 
                        {
                         "name":"toX",
                         "type":"int",
                         "value":10
                        }, 
                        {
                         "name":"toY",
                         "type":"int",
                         "value":12
                        }],
                 "rotation":0,
                 "type":"",
                 "visible":true,
                 "width":16,
                 "x":160,
                 "y":16
                }],
         "opacity":1,
         "type":"objectgroup",
         "visible":true,
         "x":0,
         "y":0
        }, 
        {
         "data":[163, 164, 164, 164, 163, 164, 163, 163, 163, 0, 0, 163, 163, 163, 163, 163, 163, 163, 163, 163, 164, 0, 0, 0, 0, 0, 0, 0, 0, 0, 0, 0, 0, 0, 0, 0, 0, 0, 0, 163, 163, 0, 0, 0, 0, 0, 0, 0, 0, 0, 0, 0, 0, 0, 0, 0, 0, 0, 0, 163, 164, 0, 0, 0, 0, 0, 0, 0, 0, 0, 0, 0, 0, 0, 0, 0, 0, 0, 0, 163, 163, 0, 0, 0, 0, 0, 0, 0, 0, 0, 0, 0, 0, 0, 0, 0, 0, 0, 0, 163, 164, 0, 0, 0, 163, 0, 0, 0, 0, 0, 0, 0, 0, 0, 0, 163, 0, 0, 0, 163, 163, 0, 0, 0, 0, 0, 0, 0, 0, 0, 0, 0, 0, 0, 0, 0, 0, 0, 0, 163, 164, 0, 0, 0, 0, 0, 0, 0, 0, 0, 0, 0, 0, 0, 0, 0, 0, 0, 0, 164, 163, 0, 0, 0, 0, 0, 0, 0, 0, 0, 0, 0, 0, 0, 0, 0, 0, 0, 0, 163, 163, 0, 0, 0, 0, 0, 0, 0, 0, 0, 0, 0, 0, 0, 0, 0, 0, 0, 0, 163, 164, 163, 0, 0, 0, 0, 0, 0, 0, 0, 0, 0, 0, 0, 0, 0, 0, 0, 163, 163, 163, 163, 163, 163, 164, 163, 163, 163, 163, 164, 163, 163, 163, 163, 163, 163, 163, 163, 163, 163, 163, 164, 163, 163, 163, 164, 163, 164, 163, 163, 163, 163, 163, 163, 164, 163, 163, 163, 163, 163],
         "height":13,
         "id":2,
         "name":"foreground",
         "opacity":1,
         "type":"tilelayer",
         "visible":true,
         "width":20,
         "x":0,
         "y":0
        }],
 "nextlayerid":7,
 "nextobjectid":10,
 "orientation":"orthogonal",
 "renderorder":"right-down",
 "tiledversion":"1.7.2",
 "tileheight":16,
 "tilesets":[
        {
         "columns":4,
         "firstgid":1,
         "image":"ys_ii_tileset_extruded.png",
         "imageheight":72,
         "imagewidth":72,
         "margin":1,
         "name":"ys_ii_tileset_extruded",
         "spacing":2,
         "tilecount":16,
         "tileheight":16,
         "tiles":[
                {
                 "id":4,
                 "properties":[
                        {
                         "name":"collides",
                         "type":"bool",
                         "value":true
                        }, 
                        {
                         "name":"pit",
                         "type":"bool",
                         "value":true
                        }]
                }, 
                {
                 "id":11,
                 "properties":[
                        {
                         "name":"collides",
                         "type":"bool",
                         "value":true
                        }]
                }, 
                {
                 "id":15,
                 "properties":[
                        {
                         "name":"collides",
                         "type":"bool",
                         "value":true
                        }]
                }],
         "tilewidth":16
        }, 
        {
         "columns":10,
         "firstgid":17,
         "image":"..\/images\/characters-spritesheet.png",
         "imageheight":208,
         "imagewidth":160,
         "margin":0,
         "name":"characters_spritesheet",
         "spacing":0,
         "tilecount":130,
         "tileheight":16,
         "tilewidth":16
        }, 
        {
         "columns":16,
         "firstgid":147,
         "image":"tileset.png",
         "imageheight":256,
         "imagewidth":256,
         "margin":0,
         "name":"tileset",
         "spacing":0,
         "tilecount":256,
         "tileheight":16,
         "tilewidth":16
        }],
 "tilewidth":16,
 "type":"map",
 "version":"1.6",
 "width":20
}