{ "compressionlevel":0,
 "height":11,
 "infinite":false,
 "layers":[
        {
         "data":[0, 0, 0, 0, 0, 0, 0, 0, 0, 2, 2, 0, 0, 0, 0, 0, 0, 0, 268, 268, 0, 267, 267, 267, 267, 284, 267, 284, 284, 284, 267, 267, 284, 267, 284, 267, 284, 267, 267, 268, 0, 268, 268, 268, 268, 268, 268, 268, 268, 268, 268, 268, 268, 268, 268, 268, 268, 268, 268, 268, 0, 268, 268, 269, 269, 269, 269, 269, 271, 269, 269, 269, 269, 269, 269, 269, 269, 268, 268, 268, 0, 268, 269, 269, 269, 270, 269, 270, 269, 268, 271, 269, 269, 270, 269, 271, 269, 269, 268, 268, 3, 268, 269, 270, 269, 271, 269, 271, 271, 270, 271, 269, 270, 269, 269, 270, 269, 269, 268, 268, 268, 268, 269, 269, 269, 271, 270, 269, 270, 271, 270, 271, 271, 269, 269, 269, 270, 269, 268, 268, 268, 268, 269, 269, 270, 269, 269, 270, 269, 270, 271, 270, 269, 270, 269, 270, 271, 269, 268, 268, 0, 268, 268, 269, 269, 269, 269, 269, 271, 269, 271, 269, 269, 269, 270, 269, 269, 268, 268, 268, 0, 268, 268, 268, 268, 268, 268, 268, 268, 271, 269, 268, 268, 268, 268, 268, 268, 268, 268, 268, 0, 6, 268, 268, 268, 268, 268, 268, 268, 268, 268, 268, 268, 268, 268, 268, 268, 268, 268, 268],
         "height":11,
         "id":1,
         "name":"background",
         "opacity":1,
         "type":"tilelayer",
         "visible":true,
         "width":20,
         "x":0,
         "y":0
        }, 
        {
         "data":[0, 0, 0, 0, 0, 0, 0, 0, 0, 0, 0, 0, 0, 0, 0, 0, 0, 0, 0, 0, 0, 0, 0, 0, 0, 0, 0, 0, 0, 0, 0, 0, 0, 0, 0, 0, 0, 0, 0, 0, 0, 0, 0, 0, 0, 0, 0, 0, 0, 0, 0, 0, 0, 0, 0, 0, 0, 0, 0, 0, 0, 0, 0, 0, 0, 0, 0, 0, 0, 0, 0, 0, 0, 0, 0, 0, 0, 0, 0, 0, 0, 0, 0, 0, 0, 0, 0, 0, 0, 0, 0, 0, 0, 0, 0, 0, 0, 0, 0, 0, 0, 0, 0, 0, 0, 0, 0, 0, 0, 0, 0, 0, 0, 0, 0, 0, 0, 0, 0, 0, 0, 0, 0, 0, 0, 0, 0, 0, 0, 0, 0, 0, 0, 0, 0, 0, 0, 0, 0, 0, 0, 0, 0, 0, 0, 0, 0, 0, 0, 0, 0, 0, 0, 0, 0, 0, 0, 0, 0, 0, 0, 0, 0, 0, 0, 0, 0, 0, 0, 0, 0, 0, 0, 0, 0, 0, 0, 0, 0, 0, 0, 0, 0, 0, 0, 0, 0, 0, 0, 0, 0, 0, 0, 0, 0, 0, 0, 0, 0, 0, 0, 0, 0, 0, 0, 0, 0, 0, 0, 0, 0, 0, 0, 0, 0, 0, 0, 0, 0, 0],
         "height":11,
         "id":6,
         "name":"hazard",
         "opacity":1,
         "type":"tilelayer",
         "visible":true,
         "width":20,
         "x":0,
         "y":0
        }, 
        {
         "data":[16, 16, 16, 16, 16, 16, 16, 16, 16, 16, 16, 16, 16, 16, 16, 16, 16, 16, 16, 16, 16, 16, 16, 16, 16, 16, 16, 16, 16, 16, 16, 16, 16, 16, 16, 16, 16, 16, 16, 16, 16, 0, 0, 0, 0, 0, 0, 0, 0, 0, 0, 0, 0, 0, 0, 0, 0, 0, 0, 16, 16, 0, 0, 0, 0, 0, 0, 0, 0, 0, 0, 0, 0, 0, 0, 0, 0, 0, 0, 16, 16, 0, 0, 0, 0, 0, 0, 0, 0, 0, 0, 0, 0, 0, 0, 0, 0, 0, 0, 16, 16, 0, 0, 0, 0, 0, 0, 0, 0, 0, 0, 0, 0, 0, 0, 0, 0, 0, 0, 16, 16, 0, 0, 0, 0, 0, 0, 0, 0, 0, 0, 0, 0, 0, 0, 0, 0, 0, 0, 16, 16, 0, 0, 0, 0, 0, 0, 0, 0, 0, 0, 0, 0, 0, 0, 0, 0, 0, 0, 16, 16, 0, 0, 0, 0, 0, 0, 0, 0, 0, 0, 0, 0, 0, 0, 0, 0, 0, 0, 16, 16, 0, 0, 0, 0, 0, 0, 0, 0, 0, 0, 0, 0, 0, 0, 0, 0, 0, 0, 16, 16, 16, 16, 16, 16, 16, 16, 16, 16, 16, 16, 16, 16, 16, 16, 16, 16, 16, 16, 16],
         "height":11,
         "id":3,
         "name":"collision",
         "opacity":1,
         "type":"tilelayer",
         "visible":false,
         "width":20,
         "x":0,
         "y":0
        }, 
        {
         "draworder":"topdown",
         "id":4,
         "name":"characters",
         "objects":[
                {
                 "gid":147,
                 "height":32,
                 "id":11,
                 "name":"boss-01",
                 "rotation":0,
                 "type":"",
                 "visible":true,
                 "width":32,
                 "x":144,
                 "y":80
                }],
         "opacity":1,
         "type":"objectgroup",
         "visible":true,
         "x":0,
         "y":0
        }, 
        {
         "draworder":"topdown",
         "id":5,
         "name":"portals",
         "objects":[],
         "opacity":1,
         "type":"objectgroup",
         "visible":true,
         "x":0,
         "y":0
        }, 
        {
         "data":[283, 283, 283, 283, 283, 283, 283, 283, 283, 283, 283, 283, 283, 283, 283, 283, 283, 283, 283, 283, 283, 0, 0, 0, 0, 0, 0, 0, 0, 0, 0, 0, 0, 0, 0, 0, 0, 0, 0, 283, 283, 0, 0, 0, 0, 0, 0, 0, 0, 0, 0, 0, 0, 0, 0, 0, 0, 0, 0, 283, 283, 0, 0, 0, 0, 0, 0, 0, 0, 0, 0, 0, 0, 0, 0, 0, 0, 0, 0, 283, 283, 0, 0, 0, 0, 0, 0, 0, 0, 0, 0, 0, 0, 0, 0, 0, 0, 0, 0, 283, 283, 0, 0, 0, 0, 0, 0, 0, 0, 0, 0, 0, 0, 0, 0, 0, 0, 0, 0, 283, 283, 0, 0, 0, 0, 0, 0, 0, 0, 0, 0, 0, 0, 0, 0, 0, 0, 0, 0, 283, 283, 0, 0, 0, 0, 0, 0, 0, 0, 0, 0, 0, 0, 0, 0, 0, 0, 0, 0, 283, 283, 0, 0, 0, 0, 0, 0, 0, 0, 0, 0, 0, 0, 0, 0, 0, 0, 0, 0, 283, 283, 0, 0, 0, 0, 0, 0, 0, 0, 0, 0, 0, 0, 0, 0, 0, 0, 0, 0, 283, 283, 283, 283, 283, 283, 283, 283, 283, 283, 283, 283, 283, 283, 283, 283, 283, 283, 283, 283, 283],
         "height":11,
         "id":2,
         "name":"foreground",
         "opacity":1,
         "type":"tilelayer",
         "visible":true,
         "width":20,
         "x":0,
         "y":0
        }],
 "nextlayerid":7,
 "nextobjectid":12,
 "orientation":"orthogonal",
 "renderorder":"right-down",
 "tiledversion":"1.7.2",
 "tileheight":16,
 "tilesets":[
        {
         "columns":4,
         "firstgid":1,
         "image":"ys_ii_tileset_extruded.png",
         "imageheight":72,
         "imagewidth":72,
         "margin":1,
         "name":"ys_ii_tileset_extruded",
         "spacing":2,
         "tilecount":16,
         "tileheight":16,
         "tiles":[
                {
                 "id":4,
                 "properties":[
                        {
                         "name":"collides",
                         "type":"bool",
                         "value":true
                        }, 
                        {
                         "name":"pit",
                         "type":"bool",
                         "value":true
                        }]
                }, 
                {
                 "id":11,
                 "properties":[
                        {
                         "name":"collides",
                         "type":"bool",
                         "value":true
                        }]
                }, 
                {
                 "id":15,
                 "properties":[
                        {
                         "name":"collides",
                         "type":"bool",
                         "value":true
                        }]
                }],
         "tilewidth":16
        }, 
        {
         "columns":10,
         "firstgid":17,
         "image":"..\/images\/characters-spritesheet.png",
         "imageheight":208,
         "imagewidth":160,
         "margin":0,
         "name":"characters_spritesheet",
         "spacing":0,
         "tilecount":130,
         "tileheight":16,
         "tilewidth":16
        }, 
        {
         "columns":20,
         "firstgid":147,
         "image":"..\/images\/bosses-spritesheet.png",
         "imageheight":64,
         "imagewidth":640,
         "margin":0,
         "name":"bosses-spritesheet",
         "spacing":0,
         "tilecount":40,
         "tileheight":32,
         "tilewidth":32
        }, 
        {
         "columns":16,
         "firstgid":187,
         "image":"tileset.png",
         "imageheight":256,
         "imagewidth":256,
         "margin":0,
         "name":"tileset",
         "spacing":0,
         "tilecount":256,
         "tileheight":16,
         "tilewidth":16
        }],
 "tilewidth":16,
 "type":"map",
 "version":"1.6",
 "width":20
}